<?xml version="1.0"?>
<!--
/**
 * @author Aitoc Team
 * @copyright Copyright (c) 2022 Aitoc (https://www.aitoc.com)
 * @package Aitoc_AdvancedPermissions
 */
-->
<!--
  ~ Copyright © 2019 Aitoc. All rights reserved.
  -->

<config xmlns:xsi="http://www.w3.org/2001/XMLSchema-instance" xsi:noNamespaceSchemaLocation="urn:magento:framework:ObjectManager/etc/config.xsd">
    <preference for="Aitoc\AdvancedPermissions\Api\Data\RoleInterface" type="Aitoc\AdvancedPermissions\Model\Role"/>
    <preference for="Magento\Reports\Model\ResourceModel\Product\Collection" type="Aitoc\AdvancedPermissions\Model\ResourceModel\Product\Collection"/>
    <preference for="Magento\Reports\Model\ResourceModel\Order\Collection" type="Aitoc\AdvancedPermissions\Model\ResourceModel\Order\Collection"/>
    <type name="Aitoc\AdvancedPermissions\Model\ResourceModel\Online\Grid\Collection">
        <arguments>
            <argument name="mainTable" xsi:type="string">customer_visitor</argument>
            <argument name="resourceModel" xsi:type="string">Magento\Customer\Model\ResourceModel\Visitor</argument>
        </arguments>
    </type>
</config>
