<?xml version="1.0"?>
<!--
/**
 * @author Aitoc Team
 * @copyright Copyright (c) 2022 Aitoc (https://www.aitoc.com)
 * @package Aitoc_AdvancedPermissions
 */
-->

<!--
  ~ Copyright © 2019 Aitoc. All rights reserved.
  -->

<config xmlns:xsi="http://www.w3.org/2001/XMLSchema-instance" xsi:noNamespaceSchemaLocation="../../../../../lib/internal/Magento/Framework/Module/etc/module.xsd">
    <module name="Aitoc_AdvancedPermissions" setup_version="1.3.1">
        <sequence>
            <module name="Aitoc_Core"/>
            <module name="Magento_Catalog"/>
            <module name="Magento_User"/>
            <module name="Magento_Backend"/>
            <module name="Magento_Store"/>
            <module name="Magento_Customer"/>
            <module name="Magento_Eav"/>
            <module name="Magento_Reports"/>
            <module name="Magento_ProductVideo"/>
        </sequence>
    </module>
</config>
