<?xml version="1.0"?>
<!--
/**
 * @author Aitoc Team
 * @copyright Copyright (c) 2022 Aitoc (https://www.aitoc.com)
 * @package Aitoc_Core
 */
-->

<config xmlns:xsi="http://www.w3.org/2001/XMLSchema-instance"
        xsi:noNamespaceSchemaLocation="urn:magento:framework:Acl/etc/acl.xsd">
    <acl>
        <resources>
            <resource id="Magento_Backend::admin">
                <resource id="Magento_Backend::stores">
                    <resource id="Magento_Backend::stores_settings">
                        <resource id="Magento_Config::config">
                            <resource id="Aitoc_Core::config"
                                      title="Aitoc - General Information"
                                      sortOrder="100" />
                        </resource>
                    </resource>
                </resource>
                <resource id="Aitoc_Core::menu" title="Aitoc Extensions" translate="title" sortOrder="101">
                    <resource id="Aitoc_Core::marketplace" title="Aitoc Marketplace" translate="title" sortOrder="1"/>
                </resource>
            </resource>
        </resources>
    </acl>
</config>
