<?xml version="1.0"?>
<!--
/**
 * @author Aitoc Team
 * @copyright Copyright (c) 2022 Aitoc (https://www.aitoc.com)
 * @package Aitoc_Core
 */
-->
<config xmlns:xsi="http://www.w3.org/2001/XMLSchema-instance"
        xsi:noNamespaceSchemaLocation="urn:magento:framework:ObjectManager/etc/config.xsd">
    <virtualType name="Aitoc\Core\Model\VirtualLoggerHandler" type="Magento\Framework\Logger\Handler\Base">
        <arguments>
            <argument name="fileName" xsi:type="string">/var/log/aitoc.log</argument>
        </arguments>
    </virtualType>
    <type name="Aitoc\Core\Model\Logger">
        <arguments>
            <argument name="handlers" xsi:type="array">
                <item name="system" xsi:type="object">Aitoc\Core\Model\VirtualLoggerHandler</item>
                <item name="debug" xsi:type="object">Aitoc\Core\Model\VirtualLoggerHandler</item>
                <item name="error" xsi:type="object">Aitoc\Core\Model\VirtualLoggerHandler</item>
                <item name="critical" xsi:type="object">Aitoc\Core\Model\VirtualLoggerHandler</item>
            </argument>
        </arguments>
    </type>
</config>
