<?xml version="1.0"?>
<include xmlns:xsi="http://www.w3.org/2001/XMLSchema-instance" xsi:noNamespaceSchemaLocation="urn:magento:module:Magento_Config:etc/system_include.xsd">
  <group id="payments" translate="label" type="text" sortOrder="5" showInDefault="1" showInWebsite="1" showInStore="1">
    <label>Payments</label>

    <field id="payment_flow" translate="label" type="select" sortOrder="1" showInDefault="1" showInWebsite="1" showInStore="1">
      <label>Payment flow</label>
      <source_model>StripeIntegration\Payments\Model\Adminhtml\Source\PaymentFlow</source_model>
      <config_path>payment/stripe_payments/payment_flow</config_path>
    </field>

    <group id="stripe_checkout" type="text" showInDefault="1" showInWebsite="1" showInStore="1" sortOrder="2" >
      <fieldset_css>stripe-expand</fieldset_css>
      <depends>
        <field id="payment_flow">1</field>
      </depends>
      <label>Payment flow settings</label>
      <comment>
        <![CDATA[With the redirect payment flow, customers are redirected to <a href="https://stripe.com/payments/checkout" target="_blank">Stripe Checkout</a> to complete their payment.]]>
      </comment>
      <field id="active" translate="label" type="select" sortOrder="10" showInDefault="1" showInWebsite="1" showInStore="1">
        <label>Enabled</label>
        <source_model>Magento\Config\Model\Config\Source\Yesno</source_model>
        <config_path>payment/stripe_payments_checkout/active</config_path>
      </field>
      <field id="title" translate="label" type="text" sortOrder="20" showInDefault="1" showInWebsite="1" showInStore="1">
        <label>Title</label>
        <comment><![CDATA[This is the payment method title used at the checkout page]]></comment>
        <config_path>payment/stripe_payments_checkout/title</config_path>
      </field>
      <field id="payment_methods" translate="label" type="text" sortOrder="30" showInDefault="1" showInWebsite="1" showInStore="1">
        <label>Payment methods</label>
        <comment><![CDATA[Enable/disable payment methods.]]></comment>
        <frontend_model>StripeIntegration\Payments\Model\Adminhtml\Source\PaymentMethodsConfiguration</frontend_model>
      </field>
      <field id="payment_action" translate="label" type="select" sortOrder="90" showInDefault="1" showInWebsite="1" showInStore="1">
        <label>Payment action</label>
        <source_model>StripeIntegration\Payments\Model\Adminhtml\Source\PaymentAction</source_model>
        <config_path>payment/stripe_payments_checkout/payment_action</config_path>
      </field>
      <field id="expired_authorizations" translate="label" type="select" sortOrder="100" showInDefault="1" showInWebsite="1" showInStore="1">
        <label>Expired authorizations</label>
        <comment>
          <![CDATA[Authorizations will typically expire after 7 days. What should we do if an admin tries to capture an expired authorization?]]>
        </comment>
        <source_model>StripeIntegration\Payments\Model\Adminhtml\Source\ExpiredAuthorizations</source_model>
        <depends>
          <field id="payment_action">authorize</field>
        </depends>
        <config_path>payment/stripe_payments_checkout/expired_authorizations</config_path>
      </field>
      <field id="automatic_invoicing" translate="label" type="select" sortOrder="105" showInDefault="1" showInWebsite="1" showInStore="1">
        <label>Automatic invoicing</label>
        <comment>
          <![CDATA[For Authorize Only orders, should we automatically create an invoice in Pending status right after the order?]]>
        </comment>
        <source_model>StripeIntegration\Payments\Model\Adminhtml\Source\Enabled</source_model>
        <depends>
          <field id="payment_action">authorize</field>
        </depends>
        <config_path>payment/stripe_payments_checkout/automatic_invoicing</config_path>
      </field>
      <field id="save_payment_method" translate="label" type="select" sortOrder="110" showInDefault="1" showInWebsite="1" showInStore="1">
        <label>Save customer payment method</label>
        <comment>
          <![CDATA[Warning: When enabled, only re-usable payment methods will be available to the customer, such as cards and bank debits.]]>
        </comment>
        <source_model>StripeIntegration\Payments\Model\Adminhtml\Source\SavePaymentMethod</source_model>
        <frontend_model>StripeIntegration\Payments\Model\Adminhtml\Source\SavePaymentMethod</frontend_model>
        <config_path>payment/stripe_payments_checkout/save_payment_method</config_path>
      </field>
      <field id="card_icons" translate="label" type="select" sortOrder="130" showInDefault="1" showInWebsite="1" showInStore="1">
        <label>Card icons</label>
        <comment><![CDATA[Should we display card icons next to the title of the payment method?]]></comment>
        <source_model>StripeIntegration\Payments\Model\Adminhtml\Source\CardIcons</source_model>
        <config_path>payment/stripe_payments_checkout/card_icons</config_path>
      </field>
      <field id="card_icons_specific" translate="label" type="multiselect" sortOrder="140" showInDefault="1" showInWebsite="1" showInStore="1">
        <label>Select card icons</label>
        <config_path>payment/stripe_payments_checkout/card_icons_specific</config_path>
        <source_model>StripeIntegration\Payments\Model\Adminhtml\Source\CardIconsSpecific</source_model>
        <depends>
          <field id="card_icons">1</field>
        </depends>
      </field>
      <field id="allowspecific" translate="label" type="allowspecific" sortOrder="180" showInDefault="1" showInWebsite="1" showInStore="1">
        <label>Enable for</label>
        <source_model>Magento\Payment\Model\Config\Source\Allspecificcountries</source_model>
        <config_path>payment/stripe_payments_checkout/allowspecific</config_path>
      </field>
      <field id="specificcountry" translate="label" type="multiselect" sortOrder="182" showInDefault="1" showInWebsite="1" showInStore="1">
        <label>Select countries</label>
        <source_model>Magento\Directory\Model\Config\Source\Country</source_model>
        <config_path>payment/stripe_payments_checkout/specificcountry</config_path>
        <depends>
          <field id="allowspecific">1</field>
        </depends>
      </field>

<!--       <field id="allow_currencies" translate="label" type="select" sortOrder="184" showInDefault="1" showInWebsite="1" showInStore="1">
        <label>Enable for</label>
        <source_model>StripeIntegration\Payments\Model\Adminhtml\Source\Currencies</source_model>
        <config_path>payment/stripe_payments/allow_currencies</config_path>
      </field>
      <field id="allowed_currencies" translate="label" type="multiselect" sortOrder="186" showInDefault="1" showInWebsite="1" showInStore="1">
        <label>Select currencies</label>
        <source_model>Magento\Config\Model\Config\Source\Locale\Currency</source_model>
        <depends>
          <field id="allow_currencies">1</field>
        </depends>
        <config_path>payment/stripe_payments_checkout/allowed_currencies</config_path>
      </field> -->

      <field id="statement_descriptor" translate="label" type="text" sortOrder="190" showInDefault="1" showInWebsite="1" showInStore="1">
        <label>Optional statement descriptor</label>
        <config_path>payment/stripe_payments/statement_descriptor</config_path>
      </field>
      <field id="sort_order" translate="label" type="text" sortOrder="200" showInDefault="1" showInWebsite="1" showInStore="1">
       <label>Sort order</label>
       <comment>Adjust this to move the payment method above or below other payment methods</comment>
       <frontend_class>validate-number</frontend_class>
        <config_path>payment/stripe_payments_checkout/sort_order</config_path>
      </field>
    </group>

    <group id="stripe_elements" type="text" showInDefault="1" showInWebsite="1" showInStore="1" sortOrder="3" >
      <fieldset_css>stripe-expand</fieldset_css>
      <depends>
        <field id="payment_flow">0</field>
      </depends>
      <label>Payment flow settings</label>
      <comment><![CDATA[<div class="message message-warning">The embedded payment flow currently relies on the legacy Stripe Elements. This will be replaced with the Stripe Payment Element in the next release.</div>]]></comment>

      <include path="StripeIntegration_Payments::system/cards.xml"/>
      <include path="StripeIntegration_Payments::system/wallets.xml"/>
      <include path="StripeIntegration_Payments::system/banking.xml"/>
      <include path="StripeIntegration_Payments::system/apms.xml"/>
    </group>

  </group>
</include>
