<?xml version="1.0"?>
<schema xmlns:xsi="http://www.w3.org/2001/XMLSchema-instance"
        xsi:noNamespaceSchemaLocation="urn:magento:framework:Setup/Declaration/Schema/etc/schema.xsd">
    <table name="stripe_customers" resource="default" engine="innodb" comment="Table of associations between Magento customer IDs to Stripe customer IDs">
        <column name="id" xsi:type="int" identity="true" unsigned="true" nullable="false" comment="Entity ID" />
        <column name="customer_id" xsi:type="int" unsigned="true" nullable="false" comment="Magento customer ID" />
        <column name="stripe_id" xsi:type="varchar" length="255" nullable="false" comment="Stripe customer ID" />
        <column name="last_retrieved" xsi:type="int" unsigned="true" nullable="false" default="0" comment="Timestamp of last customer object retrieval from the Stripe API" />
        <column name="customer_email" xsi:type="varchar" length="255" nullable="true" comment="Magento customer email" />
        <column name="session_id" xsi:type="varchar" length="255" nullable="true" comment="Last session ID for this customer" />
        <column name="pk" xsi:type="varchar" length="255" nullable="true" comment="Stripe account public key" />
        <constraint xsi:type="primary" referenceId="PRIMARY">
            <column name="id"/>
        </constraint>
        <index referenceId="STRIPE_CUSTOMERS_PK" indexType="btree">
            <column name="pk"/>
        </index>
        <index referenceId="STRIPE_CUSTOMERS_STRIPE_ID" indexType="btree">
            <column name="stripe_id"/>
        </index>
        <index referenceId="STRIPE_CUSTOMERS_CUSTOMER_ID" indexType="btree">
            <column name="customer_id"/>
        </index>
        <index referenceId="STRIPE_CUSTOMERS_CUSTOMER_EMAIL" indexType="btree">
            <column name="customer_email"/>
        </index>
        <index referenceId="STRIPE_CUSTOMERS_SESSION_ID" indexType="btree">
            <column name="session_id"/>
        </index>
    </table>
    <table name="stripe_webhooks" resource="default" engine="innodb" comment="Webhooks configuration for each store view">
        <column name="id" xsi:type="int" identity="true" unsigned="true" nullable="false" comment="Entity ID" />
        <column name="config_version" xsi:type="int" unsigned="true" nullable="false" default="0" comment="Webhooks configuration version" />
        <column name="webhook_id" xsi:type="varchar" length="255" nullable="false" comment="Webhook ID" />
        <column name="publishable_key" xsi:type="varchar" length="255" nullable="false" comment="Stripe API publishable key" />
        <column name="store_code" xsi:type="varchar" length="255" nullable="false" comment="Store view code" />
        <column name="live_mode" xsi:type="int" unsigned="true" nullable="false" default="0" comment="Stripe API mode" />
        <column name="active" xsi:type="int" unsigned="true" nullable="false" default="0" comment="Active" />
        <column name="last_event" xsi:type="int" unsigned="true" nullable="false" default="0" comment="Timestamp of last received event" />
        <column name="api_version" xsi:type="varchar" length="255" nullable="true" comment="Stripe API Version" />
        <column name="url" xsi:type="text" nullable="true" comment="Webhook URL" />
        <column name="enabled_events" xsi:type="text" nullable="true" comment="Enabled webhook events" />
        <column name="secret" xsi:type="varchar" length="255" nullable="true" comment="Webhook signing secret" />
        <column name="created_at" xsi:type="timestamp" nullable="false" default="CURRENT_TIMESTAMP" on_update="false" comment="Created at date"/>
        <constraint xsi:type="primary" referenceId="PRIMARY">
            <column name="id"/>
        </constraint>
    </table>
    <table name="stripe_sources" resource="default" engine="innodb" comment="Source tokens">
        <column name="id" xsi:type="int" identity="true" unsigned="true" nullable="false" comment="Entity ID" />
        <column name="source_id" xsi:type="varchar" length="255" nullable="false" comment="Source ID" />
        <column name="order_increment_id" xsi:type="varchar" length="255" nullable="true" comment="Order increment ID" />
        <column name="stripe_customer_id" xsi:type="varchar" length="255" nullable="true" comment="Stripe customer ID" />
        <constraint xsi:type="primary" referenceId="PRIMARY">
            <column name="id"/>
        </constraint>
        <index referenceId="STRIPE_SOURCES_ID" indexType="btree">
            <column name="source_id"/>
        </index>
        <index referenceId="STRIPE_SOURCES_ORDER_INCREMENT_ID" indexType="btree">
            <column name="order_increment_id"/>
        </index>
        <index referenceId="STRIPE_SOURCES_STRIPE_CUSTOMER_ID" indexType="btree">
            <column name="stripe_customer_id"/>
        </index>
    </table>
    <table name="stripe_subscriptions" resource="default" engine="innodb" comment="Subscriptions">
        <column name="id" xsi:type="int" identity="true" unsigned="true" nullable="false" comment="Entity ID" />
        <column name="created_at" xsi:type="timestamp" nullable="false" default="CURRENT_TIMESTAMP" on_update="false" comment="Created at date"/>
        <column name="store_id" xsi:type="smallint" unsigned="true" nullable="false" default="0" comment="Store ID"/>
        <column name="livemode" xsi:type="boolean" nullable="false" default="true" comment="Stripe API mode"/>
        <column name="subscription_id" xsi:type="varchar" length="255" nullable="false" comment="Stripe subscription ID" />
        <column name="order_increment_id" xsi:type="varchar" length="255" nullable="false" comment="Order increment ID" />
        <column name="product_id" xsi:type="int" unsigned="true" nullable="false" comment="Product ID" />
        <column name="magento_customer_id" xsi:type="int" unsigned="true" nullable="true" default="0" comment="Product ID" />
        <column name="stripe_customer_id" xsi:type="varchar" length="255" nullable="true" comment="Stripe customer ID" />
        <column name="payment_method_id" xsi:type="varchar" length="255" nullable="false" comment="Payment method ID" />
        <column name="name" xsi:type="text" nullable="false" comment="Subscription name" />
        <column name="quantity" xsi:type="int" unsigned="true" nullable="false" default="1" comment="Subscription quantity" />
        <column name="currency" xsi:type="varchar" length="255" nullable="false" comment="Currency code" />
        <column name="grand_total" xsi:type="decimal" scale="4" precision="10" unsigned="false" nullable="false" default="0" comment="Grand total"/>
        <column name="is_new" xsi:type="boolean" nullable="false" default="true" comment="Subscription just created flag"/>
        <constraint xsi:type="primary" referenceId="PRIMARY">
            <column name="id"/>
        </constraint>
        <index referenceId="STRIPE_SUBSCRIPTIONS_SUBSCRIPTION_ID" indexType="btree">
            <column name="subscription_id"/>
        </index>
        <index referenceId="STRIPE_SUBSCRIPTIONS_STORE_ID" indexType="btree">
            <column name="store_id"/>
        </index>
        <index referenceId="STRIPE_SUBSCRIPTIONS_LIVEMODE" indexType="btree">
            <column name="livemode"/>
        </index>
        <index referenceId="STRIPE_SUBSCRIPTIONS_STRIPE_CUSTOMER_ID" indexType="btree">
            <column name="stripe_customer_id"/>
        </index>
        <index referenceId="STRIPE_SUBSCRIPTIONS_MAGENTO_CUSTOMER_ID" indexType="btree">
            <column name="magento_customer_id"/>
        </index>
        <index referenceId="STRIPE_SUBSCRIPTIONS_PRODUCT_ID" indexType="btree">
            <column name="product_id"/>
        </index>
        <index referenceId="STRIPE_SUBSCRIPTIONS_CREATED_AT" indexType="btree">
            <column name="created_at"/>
        </index>
        <index referenceId="STRIPE_SUBSCRIPTIONS_IS_NEW" indexType="btree">
            <column name="is_new"/>
        </index>
        <index referenceId="STRIPE_SUBSCRIPTIONS_ORDER_INCREMENT_ID" indexType="btree">
            <column name="order_increment_id"/>
        </index>
    </table>
    <table name="stripe_coupons" resource="default" engine="innodb" comment="Coupons">
        <column name="id" xsi:type="int" identity="true" unsigned="true" nullable="false" comment="Entity ID" />
        <column name="rule_id" xsi:type="int" nullable="false" comment="Sales rule ID"/>
        <column name="coupon_duration" xsi:type="varchar" length="255" nullable="false" comment="Coupon duration"/>
        <column name="coupon_months" xsi:type="int" nullable="false" default="0" comment="Number of months"/>
        <constraint xsi:type="primary" referenceId="PRIMARY">
            <column name="id"/>
        </constraint>
    </table>
    <table name="stripe_invoices" resource="default" engine="innodb" comment="Invoices">
        <column name="id" xsi:type="int" identity="true" unsigned="true" nullable="false" comment="Entity ID" />
        <column name="invoice_id" xsi:type="varchar" length="255" nullable="false" comment="Invoice ID" />
        <column name="order_increment_id" xsi:type="varchar" length="255" nullable="false" comment="Order increment ID" />
        <constraint xsi:type="primary" referenceId="PRIMARY">
            <column name="id"/>
        </constraint>
        <index referenceId="STRIPE_INVOICES_INVOICE_ID" indexType="btree">
            <column name="invoice_id"/>
        </index>
        <index referenceId="STRIPE_INVOICES_ORDER_INCREMENT_ID" indexType="btree">
            <column name="order_increment_id"/>
        </index>
    </table>
    <table name="stripe_payment_intents" resource="default" engine="innodb" comment="Payment Intents">
        <column name="pi_id" xsi:type="varchar" length="255" nullable="false" comment="Payment Intent ID" />
        <column name="quote_id" xsi:type="int" nullable="false" unsigned="true" comment="Quote ID"/>
        <column name="order_increment_id" xsi:type="varchar" length="255" nullable="false" comment="Order increment ID" />
        <column name="invoice_id" xsi:type="int" nullable="true" unsigned="true" comment="Magento invoice ID" />
        <column name="customer_id" xsi:type="int" unsigned="true" nullable="false" default="0" comment="Magento customer ID" />
        <column name="order_id" xsi:type="int" unsigned="true" nullable="true" comment="Order ID" />
        <column name="pm_id" xsi:type="varchar" length="255" nullable="true" comment="Payment method ID" />
        <constraint xsi:type="primary" referenceId="PRIMARY">
            <column name="pi_id"/>
        </constraint>
        <index referenceId="STRIPE_PAYMENT_INTENTS_PI_ID" indexType="btree">
            <column name="pi_id"/>
        </index>
        <index referenceId="STRIPE_PAYMENT_INTENTS_QUOTE_ID" indexType="btree">
            <column name="quote_id"/>
        </index>
        <index referenceId="STRIPE_PAYMENT_INTENTS_ORDER_INCREMENT_ID" indexType="btree">
            <column name="order_increment_id"/>
        </index>
        <index referenceId="STRIPE_PAYMENT_INTENTS_ORDER_ID" indexType="btree">
            <column name="order_id"/>
        </index>
        <index referenceId="STRIPE_PAYMENT_INTENTS_CUSTOMER_ID" indexType="btree">
            <column name="customer_id"/>
        </index>
        <index referenceId="STRIPE_PAYMENT_INTENTS_PM_ID" indexType="btree">
            <column name="pm_id"/>
        </index>
    </table>
    <table name="stripe_checkout_sessions" resource="default" engine="innodb" comment="Payment Intents">
        <column name="id" xsi:type="int" identity="true" unsigned="true" nullable="false" comment="Entity ID" />
        <column name="quote_id" xsi:type="int" nullable="false" unsigned="true" comment="Quote ID"/>
        <column name="order_increment_id" xsi:type="varchar" length="255" nullable="true" comment="Order increment ID" />
        <column name="checkout_session_id" xsi:type="varchar" length="255" nullable="false" comment="Checkout session ID" />
        <column name="created_at" xsi:type="timestamp" nullable="false" default="CURRENT_TIMESTAMP" on_update="false" comment="Created at date"/>
        <constraint xsi:type="primary" referenceId="PRIMARY">
            <column name="id"/>
        </constraint>
        <index referenceId="STRIPE_CHECKOUT_SESSIONS_QUOTE_ID" indexType="btree">
            <column name="quote_id"/>
        </index>
        <index referenceId="STRIPE_CHECKOUT_SESSIONS_CHECKOUT_SESSION_ID" indexType="btree">
            <column name="checkout_session_id"/>
        </index>
    </table>

</schema>
